feature,importance
CO(GT),63.95059585571289
CO(GT)_r3_mean,41.56637191772461
CO(GT)_lag1,29.50365447998047
NOx(GT)_r3_mean,26.266481399536133
NOx(GT),25.95856285095215
hour,18.85085678100586
NOx(GT)_lag1,14.625097274780273
PT08.S2(NMHC),12.99445915222168
PT08.S2(NMHC)_r3_mean,11.352766036987305
PT08.S1(CO),11.05447769165039
NOx(GT)_r6_mean,10.845887184143066
anomaly_flag,9.758398056030273
C6H6(GT)_r3_mean,9.426532745361328
weekday,8.996458053588867
PT08.S1(CO)_r3_mean,8.757555961608887
CO(GT)_r3_std,8.652623176574707
C6H6(GT),8.474613189697266
CO(GT)_lag3_r3_std,8.332735061645508
PT08.S4(NO2)_lag12_r24_mean,8.131186485290527
NOx(GT)_lag24_r3_mean,7.97005033493042
NOx(GT)_lag24,7.751576900482178
CO(GT)_lag3_r6_std,7.545863151550293
NO2(GT)_lag3_r6_mean,7.416264057159424
CO(GT)_r6_std,7.294868469238281
PT08.S3(NOx)_r24_std,7.254014015197754
NOx(GT)_lag24_r6_mean,7.082963466644287
T_lag1_r6_std,7.064905643463135
T_lag6_r24_mean,7.041693210601807
NMHC(GT)_lag24_r6_mean,6.979095935821533
PT08.S3(NOx)_lag1_r24_std,6.844752311706543
NOx(GT)_lag1_r3_mean,6.82568359375
C6H6(GT)_lag3_r3_mean,6.690141677856445
NMHC(GT)_lag1_r24_mean,6.576689720153809
PT08.S3(NOx)_lag6_r12_std,6.564423561096191
T_lag2_r24_mean,6.537014961242676
T_lag3_r24_mean,6.5170578956604
NMHC(GT)_r6_std,6.508327484130859
PT08.S5(O3)_r3_std,6.456466197967529
T_lag12_r24_mean,6.356269836425781
NO2(GT)_lag6,6.331289768218994
CO(GT)_lag1_r3_std,6.287337779998779
NOx(GT)_r12_mean,6.268941879272461
PT08.S3(NOx)_lag3_r24_std,6.2125244140625
NO2(GT)_lag1_r12_mean,6.15472936630249
CO(GT)_lag2_r6_std,6.1508684158325195
NMHC(GT)_lag24_r12_mean,6.121148109436035
PT08.S2(NMHC)_r6_mean,6.084758758544922
PT08.S4(NO2)_lag3_r6_std,6.03510856628418
AH_lag6_r24_mean,6.01255989074707
AH_lag3_r24_mean,6.00063419342041
NMHC(GT)_r12_mean,5.9807209968566895
PT08.S5(O3)_lag12_r6_mean,5.96555233001709
NMHC(GT)_lag1_r12_std,5.928491115570068
PT08.S4(NO2)_lag3_r3_mean,5.90194034576416
NMHC(GT)_r12_std,5.8833160400390625
T_lag1_r24_mean,5.850598335266113
NO2(GT)_lag2_r12_mean,5.836856842041016
PT08.S1(CO)_lag1_r12_std,5.830452919006348
PT08.S4(NO2)_lag24_r12_mean,5.814176559448242
RH_lag1_r24_mean,5.787015438079834
PT08.S5(O3)_lag1_r24_mean,5.778580665588379
NMHC(GT)_lag6_r3_mean,5.7636332511901855
PT08.S3(NOx)_lag24_r24_mean,5.753758907318115
CO(GT)_lag1_r6_std,5.738276481628418
CO(GT)_lag1_r12_std,5.736566066741943
NMHC(GT)_lag3_r24_mean,5.730562210083008
NMHC(GT)_lag6_r24_mean,5.690735340118408
NO2(GT)_lag1_r24_mean,5.684028625488281
NO2(GT)_r3_std,5.6720871925354
PT08.S4(NO2)_lag24_r24_mean,5.6651811599731445
NO2(GT),5.664884567260742
PT08.S2(NMHC)_lag2_r24_std,5.646490573883057
month,5.614316940307617
CO(GT)_lag1_r3_mean,5.601605415344238
T,5.601536750793457
NMHC(GT)_lag6_r12_mean,5.5929131507873535
NO2(GT)_lag2_r6_mean,5.583148956298828
NOx(GT)_lag2_r24_std,5.578076362609863
PT08.S2(NMHC)_lag1,5.561502933502197
NO2(GT)_r12_mean,5.555018901824951
NOx(GT)_lag2,5.548647880554199
PT08.S2(NMHC)_lag3_r3_mean,5.530099868774414
NMHC(GT)_lag2_r6_mean,5.5180182456970215
PT08.S2(NMHC)_lag3_r6_std,5.517208576202393
AH_lag12_r24_mean,5.515521049499512
RH_lag12_r12_std,5.4784746170043945
NO2(GT)_lag3_r3_mean,5.46591854095459
C6H6(GT)_r6_std,5.464343070983887
PT08.S1(CO)_r24_std,5.451639652252197
T_lag12,5.428787708282471
PT08.S5(O3)_lag1,5.417281150817871
NOx(GT)_lag24_r6_std,5.414163112640381
PT08.S4(NO2)_lag12,5.410587310791016
PT08.S1(CO)_lag1,5.404303073883057
PT08.S1(CO)_lag6_r12_std,5.402436256408691
NMHC(GT)_lag6_r6_mean,5.399912357330322
RH_lag2_r24_mean,5.392329692840576
NMHC(GT)_lag1_r6_mean,5.373642921447754
PT08.S4(NO2)_lag6_r6_mean,5.371519565582275
NO2(GT)_lag24_r12_std,5.355077266693115
AH_lag24_r24_mean,5.327486038208008
PT08.S4(NO2)_lag6_r24_mean,5.300311088562012
PT08.S1(CO)_lag6_r24_mean,5.291522026062012
PT08.S5(O3)_lag6_r6_mean,5.291098594665527
T_lag12_r6_mean,5.29036283493042
CO(GT)_lag1_r24_mean,5.28202486038208
NOx(GT)_lag2_r6_mean,5.280305862426758
NO2(GT)_lag6_r3_mean,5.279366493225098
PT08.S5(O3),5.278940677642822
C6H6(GT)_lag3_r6_std,5.274037837982178
NMHC(GT)_lag24_r24_mean,5.24367094039917
NO2(GT)_lag6_r6_mean,5.23466157913208
CO(GT)_lag2_r3_std,5.227810382843018
PT08.S3(NOx)_lag2_r24_std,5.21779203414917
PT08.S3(NOx)_lag12_r12_mean,5.191736698150635
PT08.S3(NOx)_lag6_r24_mean,5.185201644897461
PT08.S1(CO)_lag3_r6_std,5.174755573272705
RH_lag6_r6_std,5.1692328453063965
NO2(GT)_lag3_r24_mean,5.161995887756348
PT08.S3(NOx)_lag2_r24_mean,5.139043807983398
AH_lag6_r12_mean,5.1385884284973145
C6H6(GT)_r3_std,5.1384358406066895
C6H6(GT)_lag6,5.1324849128723145
NOx(GT)_r24_mean,5.116459369659424
T_lag6_r24_std,5.109574317932129
PT08.S3(NOx)_lag12_r24_mean,5.096714019775391
C6H6(GT)_lag1_r6_mean,5.081794738769531
PT08.S5(O3)_r3_mean,5.066745758056641
NOx(GT)_lag12_r24_std,5.0651044845581055
AH_lag12_r3_mean,5.064230918884277
NMHC(GT)_lag2_r12_mean,5.0612382888793945
PT08.S5(O3)_r24_std,5.044240951538086
CO(GT)_lag2_r24_mean,5.034402370452881
RH_lag3_r24_mean,5.028779983520508
AH_lag24_r12_mean,5.028464317321777
C6H6(GT)_lag1_r6_std,5.02678108215332
C6H6(GT)_lag12_r12_mean,5.019777774810791
NO2(GT)_lag3_r12_mean,5.0195183753967285
PT08.S1(CO)_lag3_r24_mean,5.0148515701293945
C6H6(GT)_lag24_r24_mean,4.9996562004089355
T_lag24_r24_mean,4.993641376495361
CO(GT)_lag6,4.98492431640625
NMHC(GT)_r6_mean,4.9820237159729
PT08.S2(NMHC)_r24_mean,4.979522705078125
PT08.S3(NOx)_lag3_r24_mean,4.9613871574401855
PT08.S3(NOx)_lag3_r12_std,4.946850776672363
NOx(GT)_lag6_r3_mean,4.938798427581787
AH_lag12_r6_mean,4.932236671447754
PT08.S3(NOx)_r24_mean,4.92641019821167
T_lag2_r12_mean,4.924065113067627
C6H6(GT)_lag12_r24_mean,4.919279098510742
NMHC(GT)_lag2_r24_std,4.914970397949219
NMHC(GT)_lag3_r12_std,4.903121471405029
PT08.S1(CO)_lag1_r3_mean,4.898601531982422
T_lag12_r12_std,4.897406578063965
PT08.S2(NMHC)_lag2_r6_mean,4.894756317138672
NMHC(GT)_r24_std,4.889672756195068
C6H6(GT)_lag12_r24_std,4.887166500091553
NOx(GT)_lag24_r24_std,4.874273777008057
PT08.S5(O3)_lag1_r3_std,4.874218940734863
NOx(GT)_lag12_r6_mean,4.869246006011963
T_r24_mean,4.868983268737793
NMHC(GT)_lag3_r24_std,4.857678413391113
PT08.S2(NMHC)_lag12_r24_std,4.855494976043701
RH_lag6_r24_std,4.846429824829102
NOx(GT)_lag6_r24_std,4.839897155761719
PT08.S2(NMHC)_lag1_r24_mean,4.837785243988037
NMHC(GT)_lag12_r6_mean,4.828372001647949
NO2(GT)_lag24,4.813543319702148
PT08.S1(CO)_r12_std,4.813109397888184
CO(GT)_lag12_r24_std,4.807982444763184
PT08.S3(NOx)_lag6_r12_mean,4.798033237457275
NO2(GT)_lag6_r24_mean,4.7936177253723145
NO2(GT)_r12_std,4.793313026428223
PT08.S5(O3)_lag3_r24_mean,4.793293476104736
RH_lag3_r24_std,4.789719581604004
CO(GT)_lag12_r6_std,4.785182952880859
NOx(GT)_lag3_r24_std,4.783168315887451
NMHC(GT)_lag6_r24_std,4.777701377868652
NMHC(GT)_lag12_r24_mean,4.775075435638428
NMHC(GT)_r24_mean,4.774312973022461
PT08.S2(NMHC)_lag2_r24_mean,4.773847579956055
PT08.S3(NOx)_lag24_r24_std,4.760494709014893
NOx(GT)_lag1_r24_std,4.752394676208496
AH_lag2_r24_mean,4.749222278594971
AH_lag12_r12_mean,4.744719505310059
AH_lag6_r6_mean,4.744081497192383
NO2(GT)_lag12_r24_std,4.7411627769470215
NO2(GT)_r24_mean,4.739488124847412
C6H6(GT)_lag2_r6_mean,4.723142147064209
NO2(GT)_lag1_r3_std,4.720241546630859
RH_lag12,4.715216159820557
NO2(GT)_lag24_r12_mean,4.710874557495117
NOx(GT)_lag3_r6_std,4.710386753082275
PT08.S4(NO2)_r6_std,4.708095073699951
PT08.S3(NOx)_lag1_r24_mean,4.696400165557861
PT08.S4(NO2)_lag2_r12_mean,4.694148540496826
PT08.S4(NO2)_lag24_r6_mean,4.692239284515381
PT08.S1(CO)_r6_std,4.679062843322754
PT08.S5(O3)_lag24_r24_mean,4.677374362945557
PT08.S2(NMHC)_lag6,4.674630165100098
NOx(GT)_lag24_r12_mean,4.6675567626953125
NOx(GT)_lag3_r24_mean,4.664919376373291
T_lag3_r12_mean,4.652055740356445
NOx(GT)_lag3_r12_mean,4.6496710777282715
NOx(GT)_lag6_r24_mean,4.647889614105225
PT08.S1(CO)_lag12_r24_mean,4.647634029388428
NOx(GT)_lag6_r12_mean,4.642369270324707
CO(GT)_lag3_r3_mean,4.639889717102051
PT08.S4(NO2)_lag3_r12_mean,4.638657093048096
PT08.S2(NMHC)_lag12_r12_mean,4.63024377822876
PT08.S5(O3)_r12_std,4.62553596496582
RH_lag12_r3_mean,4.618122100830078
NOx(GT)_lag3_r6_mean,4.617106914520264
NOx(GT)_lag1_r24_mean,4.615905284881592
NMHC(GT)_lag1_r24_std,4.614597797393799
PT08.S1(CO)_lag2_r24_mean,4.6117167472839355
T_lag1_r24_std,4.605020046234131
C6H6(GT)_lag1_r24_mean,4.596039772033691
CO(GT)_lag3,4.595222473144531
C6H6(GT)_lag2_r24_std,4.58497428894043
PT08.S1(CO)_lag2_r3_mean,4.582698345184326
PT08.S2(NMHC)_r24_std,4.582022666931152
AH_lag12_r24_std,4.573489665985107
PT08.S2(NMHC)_lag1_r24_std,4.569526672363281
NO2(GT)_lag6_r24_std,4.560893535614014
RH_lag6_r6_mean,4.553618907928467
NMHC(GT)_lag2_r24_mean,4.5534749031066895
PT08.S4(NO2)_lag12_r12_mean,4.550848960876465
T_lag24_r24_std,4.534578323364258
AH_lag6_r24_std,4.533607482910156
AH_lag1,4.53155517578125
PT08.S2(NMHC)_lag6_r6_mean,4.520853519439697
NMHC(GT)_lag1_r3_mean,4.511420249938965
PT08.S1(CO)_lag1_r24_mean,4.506309986114502
RH_lag24,4.505674839019775
RH_r24_mean,4.503883361816406
NOx(GT)_lag6,4.493626117706299
CO(GT)_r24_mean,4.493575572967529
RH_r24_std,4.492046356201172
RH_lag24_r24_mean,4.478826522827148
PT08.S2(NMHC)_lag6_r24_mean,4.477941989898682
NOx(GT)_r24_std,4.472385406494141
CO(GT)_lag12_r6_mean,4.469778060913086
PT08.S4(NO2)_lag1_r24_std,4.468520164489746
AH_lag3_r12_mean,4.467777729034424
AH_lag24_r6_mean,4.466261863708496
RH_lag3_r12_mean,4.448232173919678
AH_lag1_r6_std,4.444729804992676
AH_lag3_r6_mean,4.443502902984619
PT08.S4(NO2)_r24_std,4.443127632141113
T_lag12_r3_mean,4.442808628082275
T_r3_std,4.434289932250977
CO(GT)_lag2,4.433990478515625
NO2(GT)_lag24_r6_mean,4.429438591003418
PT08.S1(CO)_lag24_r24_mean,4.4252519607543945
C6H6(GT)_lag2_r6_std,4.424625396728516
PT08.S3(NOx)_lag12_r6_mean,4.424531936645508
RH_lag12_r24_mean,4.421113014221191
PT08.S3(NOx),4.419667720794678
PT08.S2(NMHC)_lag6_r24_std,4.418396949768066
NO2(GT)_lag3,4.4146037101745605
NMHC(GT)_lag2_r12_std,4.411744117736816
AH_r24_mean,4.401973724365234
PT08.S3(NOx)_r6_std,4.39779806137085
PT08.S4(NO2)_lag6_r24_std,4.388731479644775
PT08.S2(NMHC)_lag24_r24_mean,4.3850555419921875
CO(GT)_lag3_r24_mean,4.384471416473389
RH_lag6_r24_mean,4.381713390350342
PT08.S4(NO2)_lag12_r6_mean,4.3725972175598145
AH_r3_mean,4.368696212768555
NOx(GT)_lag2_r24_mean,4.367345809936523
PT08.S2(NMHC)_lag3_r6_mean,4.3598151206970215
C6H6(GT)_r6_mean,4.356770992279053
NO2(GT)_r6_std,4.348762512207031
PT08.S2(NMHC)_lag3_r24_mean,4.347721576690674
RH_lag1_r24_std,4.343083381652832
NO2(GT)_r6_mean,4.3369011878967285
C6H6(GT)_lag24_r12_mean,4.336321830749512
PT08.S2(NMHC)_lag12_r24_mean,4.335704803466797
NOx(GT)_lag24_r12_std,4.32865571975708
NMHC(GT)_lag12_r24_std,4.3241167068481445
T_lag24_r12_std,4.313048839569092
C6H6(GT)_lag1_r24_std,4.311840057373047
NO2(GT)_lag12_r24_mean,4.304515361785889
AH_lag3_r24_std,4.302675724029541
PT08.S5(O3)_lag1_r12_mean,4.300631046295166
T_lag2_r24_std,4.299617767333984
PT08.S1(CO)_lag2_r12_std,4.295518398284912
CO(GT)_lag6_r24_mean,4.291680335998535
RH_r12_mean,4.28799295425415
T_r24_std,4.284335613250732
PT08.S4(NO2)_r24_mean,4.283246040344238
PT08.S2(NMHC)_lag2_r12_mean,4.2775654792785645
AH_r6_mean,4.27559232711792
C6H6(GT)_lag3_r12_mean,4.270735263824463
C6H6(GT)_lag6_r12_mean,4.269876480102539
C6H6(GT)_lag3_r6_mean,4.267360687255859
PT08.S2(NMHC)_lag6_r12_std,4.259568214416504
PT08.S4(NO2)_lag12_r24_std,4.258390426635742
PT08.S1(CO)_lag2_r24_std,4.254335880279541
CO(GT)_r24_std,4.252833843231201
PT08.S2(NMHC)_lag6_r12_mean,4.248561382293701
CO(GT)_lag6_r24_std,4.2363080978393555
PT08.S5(O3)_lag12_r24_mean,4.235476970672607
PT08.S2(NMHC)_lag24_r12_mean,4.228307723999023
AH_lag2,4.227372169494629
NOx(GT)_lag1_r12_mean,4.22670841217041
NO2(GT)_lag24_r24_mean,4.224563121795654
PT08.S4(NO2)_lag12_r3_mean,4.217411994934082
T_r3_mean,4.214184284210205
C6H6(GT)_lag1_r12_std,4.213971138000488
C6H6(GT)_lag6_r24_std,4.200153827667236
NMHC(GT)_lag2_r3_mean,4.19846248626709
RH_lag2_r24_std,4.1971588134765625
NO2(GT)_lag12_r12_mean,4.19365930557251
NOx(GT)_lag24_r24_mean,4.186269283294678
PT08.S5(O3)_lag1_r3_mean,4.184554576873779
C6H6(GT)_lag2_r12_mean,4.183560848236084
AH_r12_mean,4.180785179138184
PT08.S5(O3)_lag2_r24_std,4.178235054016113
T_lag6_r6_std,4.176438808441162
PT08.S2(NMHC)_r12_mean,4.176083564758301
CO(GT)_lag12_r24_mean,4.176035404205322
RH_lag24_r3_mean,4.175748348236084
CO(GT)_r12_mean,4.172889232635498
NOx(GT)_lag12_r3_mean,4.1605682373046875
NO2(GT)_lag1_r24_std,4.15968656539917
PT08.S2(NMHC)_lag24_r6_mean,4.158823490142822
CO(GT)_lag2_r24_std,4.155052661895752
PT08.S4(NO2)_lag6_r12_mean,4.146034240722656
C6H6(GT)_lag24_r12_std,4.143071174621582
PT08.S1(CO)_lag12_r6_mean,4.141549110412598
NMHC(GT)_lag2_r6_std,4.138718605041504
PT08.S2(NMHC)_lag2_r6_std,4.132608890533447
RH_lag6_r3_mean,4.129556179046631
RH_lag24_r24_std,4.129508972167969
C6H6(GT)_r24_mean,4.127385139465332
PT08.S5(O3)_lag2_r24_mean,4.12030553817749
PT08.S2(NMHC)_lag3_r24_std,4.119913578033447
T_lag24,4.116477012634277
PT08.S5(O3)_lag24_r6_mean,4.115027904510498
PT08.S4(NO2),4.1130194664001465
NMHC(GT)_lag3_r12_mean,4.112060546875
PT08.S1(CO)_lag2_r12_mean,4.106698989868164
NO2(GT)_lag6_r12_mean,4.10137414932251
CO(GT)_lag24,4.09369421005249
RH_lag2_r12_mean,4.093316078186035
PT08.S1(CO)_lag24_r24_std,4.091790199279785
PT08.S2(NMHC)_lag3_r12_mean,4.089809417724609
T_lag12_r24_std,4.086080551147461
PT08.S1(CO)_lag3_r12_mean,4.085446834564209
C6H6(GT)_lag1,4.0832719802856445
C6H6(GT)_lag1_r12_mean,4.080286026000977
NO2(GT)_lag24_r24_std,4.075977802276611
PT08.S2(NMHC)_lag1_r12_mean,4.072809219360352
PT08.S3(NOx)_lag12_r12_std,4.071693420410156
T_lag3_r6_mean,4.066456317901611
NO2(GT)_lag3_r24_std,4.0637688636779785
CO(GT)_lag3_r24_std,4.063215255737305
CO(GT)_lag1_r24_std,4.0622711181640625
NOx(GT)_lag2_r12_std,4.058332443237305
C6H6(GT)_lag1_r3_std,4.057932376861572
NO2(GT)_lag24_r3_mean,4.055446147918701
PT08.S1(CO)_lag1_r12_mean,4.05525016784668
NO2(GT)_lag1,4.045078754425049
PT08.S2(NMHC)_lag2_r3_mean,4.042452812194824
PT08.S4(NO2)_lag6_r12_std,4.036406993865967
AH_lag1_r12_mean,4.035371780395508
CO(GT)_lag1_r12_mean,4.03489351272583
PT08.S4(NO2)_r12_mean,4.034597873687744
CO(GT)_lag2_r6_mean,4.034028053283691
T_lag2_r12_std,4.033069133758545
NOx(GT)_lag3_r3_mean,4.028414249420166
PT08.S4(NO2)_lag3_r24_mean,4.022998332977295
CO(GT)_lag24_r12_std,4.019032001495361
PT08.S2(NMHC)_r3_std,4.0086822509765625
NMHC(GT)_lag3,4.00089693069458
NO2(GT)_lag2,3.9950828552246094
RH_r3_mean,3.9945409297943115
C6H6(GT)_lag3_r24_std,3.9822332859039307
PT08.S3(NOx)_r12_mean,3.981755256652832
AH_lag24_r24_std,3.9807474613189697
PT08.S2(NMHC)_lag24_r12_std,3.9737892150878906
AH_r24_std,3.9719467163085938
C6H6(GT)_lag3_r24_mean,3.9619905948638916
NOx(GT)_lag2_r12_mean,3.959672689437866
NOx(GT)_lag6_r6_mean,3.9588916301727295
PT08.S1(CO)_lag3_r12_std,3.9540302753448486
NO2(GT)_lag12_r6_mean,3.9518725872039795
PT08.S5(O3)_lag1_r24_std,3.95176362991333
PT08.S1(CO)_r24_mean,3.945068120956421
CO(GT)_lag24_r12_mean,3.939572811126709
CO(GT)_lag24_r6_mean,3.9372072219848633
PT08.S1(CO)_lag24,3.927798271179199
PT08.S2(NMHC)_r6_std,3.9254517555236816
PT08.S5(O3)_lag6_r12_std,3.919189453125
PT08.S3(NOx)_lag12_r24_std,3.9179537296295166
PT08.S2(NMHC)_lag12_r6_std,3.917288064956665
CO(GT)_lag3_r6_mean,3.916691541671753
NMHC(GT)_lag2_r3_std,3.9161593914031982
NO2(GT)_lag1_r6_mean,3.915778160095215
PT08.S5(O3)_lag2_r6_mean,3.9132280349731445
T_lag24_r3_mean,3.910163164138794
PT08.S2(NMHC)_lag12_r12_std,3.910114049911499
NO2(GT)_lag12_r3_mean,3.909888744354248
NO2(GT)_r3_mean,3.9030256271362305
CO(GT)_lag2_r3_mean,3.9008615016937256
PT08.S5(O3)_lag1_r12_std,3.8995490074157715
RH_lag1_r12_mean,3.8976786136627197
C6H6(GT)_lag12_r6_std,3.895357370376587
NOx(GT)_lag12,3.8950257301330566
PT08.S1(CO)_lag12_r12_std,3.894287109375
PT08.S3(NOx)_lag1_r12_mean,3.8919739723205566
AH_lag12,3.8908939361572266
PT08.S5(O3)_lag12_r12_mean,3.890030860900879
PT08.S4(NO2)_lag24_r12_std,3.887746810913086
NMHC(GT)_lag1_r6_std,3.8865013122558594
PT08.S4(NO2)_lag2_r6_std,3.883605718612671
PT08.S3(NOx)_lag2_r6_mean,3.8835291862487793
RH_lag6,3.882330894470215
NOx(GT)_lag12_r12_mean,3.8804104328155518
PT08.S1(CO)_lag3_r3_mean,3.8801896572113037
PT08.S5(O3)_r24_mean,3.878542184829712
CO(GT)_lag24_r6_std,3.8738691806793213
PT08.S1(CO)_lag12_r24_std,3.868360757827759
NOx(GT)_lag3_r3_std,3.8662681579589844
PT08.S5(O3)_r12_mean,3.865316152572632
NO2(GT)_lag2_r3_mean,3.8649227619171143
PT08.S5(O3)_lag3_r6_mean,3.859158515930176
PT08.S3(NOx)_lag12,3.8586652278900146
CO(GT)_lag12_r12_mean,3.8482067584991455
NO2(GT)_r24_std,3.843616247177124
PT08.S3(NOx)_lag3_r6_std,3.840430498123169
C6H6(GT)_r12_std,3.8401057720184326
NO2(GT)_lag2_r24_std,3.8372271060943604
PT08.S5(O3)_lag24,3.836571455001831
T_lag12_r3_std,3.825490951538086
PT08.S2(NMHC)_lag1_r3_std,3.82047700881958
NOx(GT)_r12_std,3.8188812732696533
PT08.S5(O3)_lag12_r24_std,3.8164618015289307
CO(GT)_lag6_r3_std,3.814565420150757
PT08.S5(O3)_lag3_r24_std,3.809328556060791
RH,3.8069260120391846
NOx(GT)_lag1_r3_std,3.8064193725585938
NO2(GT)_lag2_r24_mean,3.806300640106201
CO(GT)_r6_mean,3.804511308670044
CO(GT)_lag24_r24_std,3.80214786529541
AH_lag6,3.801309108734131
PT08.S3(NOx)_lag1_r6_mean,3.7992899417877197
T_lag1,3.7947604656219482
RH_lag2_r12_std,3.7944982051849365
PT08.S4(NO2)_lag1_r3_std,3.7902283668518066
T_r6_std,3.7807347774505615
RH_lag12_r12_mean,3.779855251312256
PT08.S3(NOx)_lag6_r24_std,3.7791991233825684
PT08.S5(O3)_lag3_r12_mean,3.7764036655426025
PT08.S2(NMHC)_lag1_r6_std,3.7710866928100586
T_lag2_r3_mean,3.7676234245300293
PT08.S1(CO)_r6_mean,3.7628443241119385
NO2(GT)_lag12,3.7617032527923584
C6H6(GT)_lag2_r24_mean,3.760089635848999
PT08.S4(NO2)_lag3_r6_mean,3.7596023082733154
PT08.S1(CO)_lag24_r12_mean,3.7588729858398438
PT08.S1(CO)_lag3_r24_std,3.7412192821502686
RH_lag2_r3_mean,3.7393622398376465
AH_lag24_r3_mean,3.7377066612243652
NMHC(GT)_r3_std,3.7374701499938965
PT08.S3(NOx)_lag1,3.7322404384613037
PT08.S4(NO2)_r12_std,3.731619119644165
T_lag3_r24_std,3.7294023036956787
RH_lag3_r3_mean,3.7288434505462646
PT08.S1(CO)_lag24_r6_mean,3.7258012294769287
PT08.S4(NO2)_r3_mean,3.7224349975585938
RH_lag6_r12_std,3.7130913734436035
C6H6(GT)_r12_mean,3.7078676223754883
NOx(GT)_lag2_r6_std,3.707700729370117
T_lag1_r3_std,3.7074930667877197
RH_lag24_r6_mean,3.7041614055633545
C6H6(GT)_lag2_r12_std,3.7020931243896484
PT08.S4(NO2)_lag1_r6_std,3.7019031047821045
C6H6(GT)_lag24_r24_std,3.6997227668762207
CO(GT)_lag12_r12_std,3.697167158126831
PT08.S3(NOx)_lag2_r12_std,3.693345785140991
PT08.S4(NO2)_lag1_r12_mean,3.686415195465088
PT08.S3(NOx)_lag2_r3_mean,3.671597957611084
NO2(GT)_lag2_r6_std,3.6704154014587402
PT08.S4(NO2)_lag2_r24_std,3.6680281162261963
NMHC(GT)_lag12,3.6665425300598145
PT08.S3(NOx)_lag24,3.665762186050415
NOx(GT)_lag24_r3_std,3.6613714694976807
PT08.S5(O3)_lag6,3.6609880924224854
C6H6(GT)_lag6_r6_mean,3.659987211227417
C6H6(GT)_lag3_r12_std,3.6571545600891113
C6H6(GT)_lag6_r12_std,3.6557552814483643
T_lag12_r12_mean,3.6546990871429443
RH_r6_std,3.645102024078369
PT08.S4(NO2)_lag3_r24_std,3.6440212726593018
PT08.S5(O3)_lag24_r3_mean,3.6439507007598877
AH,3.640923261642456
RH_lag24_r12_mean,3.630741834640503
PT08.S3(NOx)_lag12_r3_mean,3.6275815963745117
C6H6(GT)_r24_std,3.6272284984588623
RH_lag3_r12_std,3.622008800506592
RH_lag12_r6_std,3.6156704425811768
PT08.S3(NOx)_lag3_r12_mean,3.6136364936828613
NOx(GT)_lag12_r12_std,3.613405466079712
C6H6(GT)_lag6_r24_mean,3.604837417602539
NMHC(GT),3.603322982788086
PT08.S1(CO)_lag1_r24_std,3.6000161170959473
PT08.S1(CO)_lag3_r6_mean,3.5926272869110107
PT08.S5(O3)_lag6_r12_mean,3.591582775115967
RH_lag12_r24_std,3.585777521133423
C6H6(GT)_lag24_r6_mean,3.582871675491333
PT08.S4(NO2)_lag2_r24_mean,3.5789132118225098
PT08.S4(NO2)_lag3_r12_std,3.575110673904419
PT08.S2(NMHC)_lag24,3.573521614074707
C6H6(GT)_lag12_r6_mean,3.572343349456787
PT08.S2(NMHC)_lag1_r3_mean,3.571584463119507
AH_lag2_r12_mean,3.570591688156128
NOx(GT)_lag12_r6_std,3.5684280395507812
NOx(GT)_lag1_r12_std,3.566133975982666
NOx(GT)_lag12_r24_mean,3.5579917430877686
T_lag6_r12_std,3.5577986240386963
NMHC(GT)_lag6_r12_std,3.557253837585449
PT08.S2(NMHC)_lag24_r24_std,3.5569381713867188
NO2(GT)_lag1_r3_mean,3.555966377258301
C6H6(GT)_lag3_r3_std,3.554133415222168
CO(GT)_lag2_r12_mean,3.551841974258423
T_lag6_r12_mean,3.5502192974090576
PT08.S1(CO)_lag2,3.549743413925171
CO(GT)_lag3_r12_mean,3.5482380390167236
NO2(GT)_lag24_r6_std,3.542663812637329
T_lag1_r3_mean,3.5389435291290283
PT08.S4(NO2)_lag2_r12_std,3.53875994682312
NMHC(GT)_lag6_r6_std,3.53597092628479
CO(GT)_lag24_r3_std,3.5309739112854004
CO(GT)_lag24_r24_mean,3.5304601192474365
T_lag2_r6_mean,3.5153703689575195
PT08.S1(CO)_lag2_r3_std,3.5084381103515625
AH_r6_std,3.508371353149414
T_r6_mean,3.504655122756958
PT08.S4(NO2)_r6_mean,3.5019795894622803
CO(GT)_lag3_r12_std,3.5017588138580322
T_lag24_r12_mean,3.5000858306884766
PT08.S3(NOx)_r3_mean,3.4973673820495605
AH_lag24_r6_std,3.496460437774658
PT08.S3(NOx)_lag1_r6_std,3.495774507522583
RH_r3_std,3.4896492958068848
PT08.S1(CO)_lag6_r12_mean,3.4818334579467773
T_lag3_r12_std,3.4723172187805176
T_lag24_r6_mean,3.466416835784912
PT08.S5(O3)_lag2_r12_mean,3.4631526470184326
PT08.S3(NOx)_lag24_r12_mean,3.4537978172302246
PT08.S1(CO)_lag6_r6_mean,3.449002742767334
RH_lag1_r6_mean,3.4446277618408203
C6H6(GT)_lag2_r3_std,3.4425907135009766
NO2(GT)_lag6_r3_std,3.4422526359558105
NMHC(GT)_r3_mean,3.4391891956329346
PT08.S1(CO)_r3_std,3.433284044265747
PT08.S5(O3)_lag12_r12_std,3.4299001693725586
T_lag6_r3_mean,3.4294018745422363
PT08.S2(NMHC)_lag2,3.4287335872650146
AH_lag1_r24_std,3.428208827972412
PT08.S4(NO2)_r3_std,3.4280452728271484
PT08.S1(CO)_lag24_r3_mean,3.4267306327819824
PT08.S4(NO2)_lag24,3.4236061573028564
PT08.S5(O3)_r6_std,3.423257350921631
PT08.S4(NO2)_lag24_r6_std,3.4177677631378174
PT08.S4(NO2)_lag1_r6_mean,3.4149551391601562
AH_lag2_r24_std,3.414419651031494
NMHC(GT)_lag24_r12_std,3.41351318359375
PT08.S5(O3)_lag1_r6_mean,3.412341833114624
NO2(GT)_lag1_r6_std,3.4123404026031494
NOx(GT)_lag1_r6_mean,3.4098291397094727
C6H6(GT)_lag12,3.4094619750976562
AH_lag2_r6_mean,3.407299280166626
RH_lag2,3.407050609588623
PT08.S3(NOx)_lag6_r6_mean,3.404893398284912
C6H6(GT)_lag6_r6_std,3.403801918029785
PT08.S3(NOx)_lag24_r12_std,3.4036264419555664
CO(GT)_lag6_r6_mean,3.4018068313598633
AH_lag6_r12_std,3.4015910625457764
PT08.S1(CO)_r12_mean,3.3972482681274414
PT08.S5(O3)_lag3_r3_mean,3.3966269493103027
NO2(GT)_lag12_r12_std,3.3911895751953125
T_lag1_r6_mean,3.3910253047943115
PT08.S4(NO2)_lag1_r12_std,3.386777877807617
NO2(GT)_lag6_r12_std,3.3805549144744873
PT08.S4(NO2)_lag1,3.3774843215942383
CO(GT)_lag2_r12_std,3.374115228652954
RH_lag1_r12_std,3.371659278869629
PT08.S5(O3)_lag2,3.3703792095184326
PT08.S2(NMHC)_lag2_r3_std,3.3668296337127686
NO2(GT)_lag3_r6_std,3.365616798400879
NMHC(GT)_lag24_r3_mean,3.3648953437805176
NOx(GT)_lag3,3.3624236583709717
RH_lag24_r12_std,3.3599255084991455
PT08.S1(CO)_lag1_r6_std,3.3595361709594727
PT08.S3(NOx)_lag1_r12_std,3.3595242500305176
T_r12_mean,3.358928680419922
AH_r12_std,3.357578754425049
AH_lag6_r3_mean,3.356785535812378
PT08.S3(NOx)_lag2_r6_std,3.352357864379883
PT08.S2(NMHC)_lag12_r3_mean,3.351260185241699
RH_lag6_r12_mean,3.3444976806640625
PT08.S2(NMHC)_lag12,3.3440942764282227
PT08.S2(NMHC)_lag1_r6_mean,3.342198371887207
PT08.S5(O3)_lag24_r24_std,3.3416144847869873
NO2(GT)_lag3_r12_std,3.3374102115631104
RH_lag2_r6_mean,3.3347320556640625
PT08.S5(O3)_lag6_r24_std,3.3304779529571533
PT08.S4(NO2)_lag24_r3_mean,3.3301889896392822
NMHC(GT)_lag24_r6_std,3.327908515930176
NO2(GT)_lag2_r3_std,3.3268868923187256
NO2(GT)_lag1_r12_std,3.3194501399993896
CO(GT)_lag12,3.3161754608154297
RH_lag1_r6_std,3.3134472370147705
C6H6(GT)_lag24,3.3090364933013916
PT08.S1(CO)_lag1_r6_mean,3.3068060874938965
CO(GT)_lag6_r6_std,3.3043932914733887
T_lag12_r6_std,3.3028712272644043
PT08.S1(CO)_lag6_r24_std,3.296462297439575
T_lag2_r6_std,3.2948668003082275
PT08.S3(NOx)_lag3_r3_mean,3.28885555267334
PT08.S2(NMHC)_lag1_r12_std,3.2853598594665527
PT08.S4(NO2)_lag24_r24_std,3.2853147983551025
C6H6(GT)_lag12_r3_mean,3.285168170928955
CO(GT)_lag6_r12_mean,3.283082962036133
T_lag2,3.282290458679199
PT08.S5(O3)_lag24_r12_std,3.2797434329986572
NMHC(GT)_lag24,3.279528856277466
PT08.S2(NMHC)_lag12_r3_std,3.276981830596924
PT08.S1(CO)_lag24_r12_std,3.269153356552124
RH_lag3_r3_std,3.2656922340393066
NO2(GT)_lag12_r3_std,3.263960838317871
T_lag6_r6_mean,3.262894868850708
C6H6(GT)_lag12_r12_std,3.2628273963928223
CO(GT)_lag6_r3_mean,3.261486053466797
PT08.S3(NOx)_lag6_r6_std,3.259310483932495
PT08.S5(O3)_lag24_r12_mean,3.2570276260375977
PT08.S2(NMHC)_lag12_r6_mean,3.255819797515869
T_lag1_r12_std,3.2524561882019043
PT08.S5(O3)_lag6_r24_mean,3.249215841293335
PT08.S2(NMHC)_lag3_r12_std,3.247342109680176
PT08.S3(NOx)_lag2,3.2454161643981934
NOx(GT)_lag6_r12_std,3.2404327392578125
RH_lag1,3.2401416301727295
C6H6(GT)_lag24_r6_std,3.2373199462890625
CO(GT)_r12_std,3.237166166305542
CO(GT)_lag24_r3_mean,3.2368783950805664
PT08.S5(O3)_lag2_r12_std,3.2327218055725098
PT08.S4(NO2)_lag2_r3_mean,3.230865240097046
C6H6(GT)_lag6_r3_mean,3.2246053218841553
AH_lag1_r24_mean,3.2228362560272217
RH_r12_std,3.222355842590332
PT08.S3(NOx)_lag12_r3_std,3.2218539714813232
AH_lag1_r6_mean,3.221343755722046
PT08.S4(NO2)_lag6_r3_std,3.215639114379883
AH_lag6_r6_std,3.2149581909179688
T_lag3_r3_mean,3.2087576389312744
PT08.S1(CO)_lag6,3.198641777038574
RH_lag12_r6_mean,3.196925401687622
CO(GT)_lag12_r3_mean,3.186370611190796
PT08.S2(NMHC)_lag2_r12_std,3.18406343460083
PT08.S2(NMHC)_lag6_r6_std,3.18119478225708
CO(GT)_lag1_r6_mean,3.174384593963623
NOx(GT)_lag2_r3_mean,3.1724400520324707
PT08.S3(NOx)_lag3_r6_mean,3.1720409393310547
PT08.S5(O3)_lag12_r3_mean,3.1704800128936768
C6H6(GT)_lag1_r3_mean,3.1672511100769043
PT08.S1(CO)_lag1_r3_std,3.1640279293060303
AH_lag3_r3_std,3.1636126041412354
PT08.S4(NO2)_lag1_r3_mean,3.1596803665161133
PT08.S2(NMHC)_lag24_r3_mean,3.1590311527252197
NOx(GT)_lag1_r6_std,3.1577048301696777
NMHC(GT)_lag1_r12_mean,3.157607078552246
AH_lag2_r3_std,3.147534132003784
PT08.S3(NOx)_lag2_r12_mean,3.1464154720306396
PT08.S3(NOx)_r6_mean,3.14581561088562
PT08.S5(O3)_lag6_r3_mean,3.1456689834594727
PT08.S3(NOx)_lag2_r3_std,3.1448397636413574
NMHC(GT)_lag12_r12_mean,3.14384126663208
PT08.S1(CO)_lag12_r12_mean,3.1324899196624756
PT08.S4(NO2)_lag6,3.1319098472595215
PT08.S5(O3)_lag2_r6_std,3.1309521198272705
PT08.S3(NOx)_lag1_r3_mean,3.122096061706543
PT08.S4(NO2)_lag12_r12_std,3.1214208602905273
PT08.S5(O3)_r6_mean,3.1205806732177734
AH_lag12_r12_std,3.1162912845611572
PT08.S5(O3)_lag3_r12_std,3.1083900928497314
PT08.S5(O3)_lag1_r6_std,3.108389139175415
NO2(GT)_lag3_r3_std,3.108372926712036
RH_lag24_r6_std,3.107651710510254
PT08.S2(NMHC)_lag6_r3_std,3.106536626815796
PT08.S4(NO2)_lag2_r6_mean,3.104588747024536
PT08.S4(NO2)_lag6_r3_mean,3.100454807281494
AH_lag2_r6_std,3.0945730209350586
PT08.S3(NOx)_lag6_r3_mean,3.087675094604492
NOx(GT)_lag12_r3_std,3.0850980281829834
T_lag3,3.082475185394287
PT08.S2(NMHC)_lag6_r3_mean,3.080782890319824
NMHC(GT)_lag12_r12_std,3.0749335289001465
PT08.S3(NOx)_lag24_r6_mean,3.070788860321045
AH_lag3_r6_std,3.0604584217071533
PT08.S1(CO)_lag6_r6_std,3.0600576400756836
NOx(GT)_r3_std,3.055037498474121
AH_lag1_r12_std,3.0491812229156494
T_r12_std,3.0469136238098145
PT08.S3(NOx)_lag24_r6_std,3.0412516593933105
PT08.S4(NO2)_lag6_r6_std,3.040311574935913
RH_lag1_r3_std,3.03141450881958
AH_lag24_r3_std,3.0150818824768066
PT08.S3(NOx)_r12_std,3.00828218460083
AH_lag24,2.993988275527954
T_lag6_r3_std,2.9931223392486572
NOx(GT)_r6_std,2.9917349815368652
NO2(GT)_lag2_r12_std,2.9906821250915527
CO(GT)_lag12_r3_std,2.9812660217285156
AH_lag12_r6_std,2.980865478515625
PT08.S3(NOx)_lag12_r6_std,2.9804272651672363
AH_lag3,2.973688840866089
RH_lag3_r6_mean,2.969825267791748
T_lag24_r6_std,2.9661715030670166
PT08.S5(O3)_lag24_r6_std,2.9649572372436523
AH_lag24_r12_std,2.9616715908050537
PT08.S2(NMHC)_lag24_r6_std,2.951702833175659
NO2(GT)_lag6_r6_std,2.951329469680786
NMHC(GT)_lag12_r3_mean,2.950995683670044
PT08.S1(CO)_lag2_r6_std,2.944943428039551
RH_lag12_r3_std,2.93390154838562
PT08.S5(O3)_lag3,2.9320125579833984
PT08.S2(NMHC)_r12_std,2.925107002258301
T_lag24_r3_std,2.9243578910827637
NOx(GT)_lag2_r3_std,2.9242889881134033
PT08.S1(CO)_lag6_r3_std,2.9235687255859375
PT08.S1(CO)_lag12_r3_std,2.9228203296661377
PT08.S1(CO)_lag12,2.9190311431884766
PT08.S4(NO2)_lag2_r3_std,2.913646697998047
NMHC(GT)_lag1,2.9043643474578857
PT08.S3(NOx)_r3_std,2.9026217460632324
RH_lag2_r6_std,2.8986270427703857
AH_lag3_r12_std,2.8977200984954834
AH_lag2_r12_std,2.8953192234039307
RH_lag6_r3_std,2.888895273208618
AH_lag2_r3_mean,2.888023614883423
PT08.S1(CO)_lag3,2.88545560836792
NOx(GT)_lag6_r6_std,2.8842830657958984
NOx(GT)_lag3_r12_std,2.880817174911499
RH_lag2_r3_std,2.8761072158813477
NMHC(GT)_lag24_r24_std,2.8699686527252197
AH_lag1_r3_std,2.8683371543884277
PT08.S3(NOx)_lag3,2.865298271179199
AH_lag1_r3_mean,2.852874279022217
AH_lag3_r3_mean,2.8439362049102783
RH_r6_mean,2.8311002254486084
CO(GT)_lag6_r12_std,2.8250739574432373
PT08.S1(CO)_lag3_r3_std,2.814725160598755
T_lag3_r3_std,2.811293601989746
C6H6(GT)_lag2,2.799017906188965
RH_lag1_r3_mean,2.7938780784606934
PT08.S3(NOx)_lag6_r3_std,2.7807226181030273
PT08.S5(O3)_lag12_r6_std,2.77730131149292
PT08.S4(NO2)_lag1_r24_mean,2.773754358291626
PT08.S2(NMHC)_lag3_r3_std,2.766723155975342
NMHC(GT)_lag12_r3_std,2.765150785446167
C6H6(GT)_lag24_r3_mean,2.763855218887329
PT08.S5(O3)_lag12_r3_std,2.762829065322876
NMHC(GT)_lag12_r6_std,2.750671148300171
PT08.S1(CO)_lag12_r3_mean,2.749544620513916
T_lag2_r3_std,2.747968912124634
PT08.S1(CO)_lag12_r6_std,2.7332558631896973
PT08.S5(O3)_lag6_r3_std,2.73022198677063
NMHC(GT)_lag3_r3_std,2.7179346084594727
RH_lag24_r3_std,2.6964728832244873
PT08.S1(CO)_lag6_r3_mean,2.6937410831451416
C6H6(GT)_lag3,2.6894068717956543
T_lag1_r12_mean,2.686253786087036
NMHC(GT)_lag1_r3_std,2.6665005683898926
C6H6(GT)_lag24_r3_std,2.660869836807251
RH_lag3,2.6601178646087646
PT08.S1(CO)_lag24_r3_std,2.657895565032959
C6H6(GT)_lag6_r3_std,2.654736042022705
PT08.S3(NOx)_lag24_r3_mean,2.6316521167755127
NO2(GT)_lag12_r6_std,2.6074321269989014
PT08.S3(NOx)_lag1_r3_std,2.5995614528656006
PT08.S4(NO2)_lag12_r3_std,2.5940439701080322
AH_r3_std,2.592761993408203
PT08.S5(O3)_lag3_r6_std,2.5822105407714844
PT08.S4(NO2)_lag2,2.5745980739593506
AH_lag12_r3_std,2.5651164054870605
PT08.S5(O3)_lag2_r3_mean,2.5552055835723877
NMHC(GT)_lag3_r6_std,2.5531086921691895
T_lag6,2.5448708534240723
PT08.S5(O3)_lag12,2.5355169773101807
PT08.S4(NO2)_lag12_r6_std,2.530146360397339
AH_lag6_r3_std,2.527064561843872
PT08.S5(O3)_lag2_r3_std,2.5183253288269043
C6H6(GT)_lag12_r3_std,2.5120208263397217
PT08.S4(NO2)_lag3,2.5080275535583496
PT08.S3(NOx)_lag6,2.499211311340332
T_lag3_r6_std,2.4888103008270264
PT08.S4(NO2)_lag24_r3_std,2.4636616706848145
NMHC(GT)_lag3_r6_mean,2.4549670219421387
PT08.S2(NMHC)_lag24_r3_std,2.419743776321411
NO2(GT)_lag24_r3_std,2.4140079021453857
PT08.S1(CO)_lag24_r6_std,2.409027099609375
PT08.S5(O3)_lag6_r6_std,2.4029226303100586
NOx(GT)_lag6_r3_std,2.4018454551696777
PT08.S4(NO2)_lag3_r3_std,2.395395278930664
PT08.S5(O3)_lag3_r3_std,2.3949992656707764
PT08.S5(O3)_lag24_r3_std,2.35758113861084
RH_lag3_r6_std,2.335965633392334
PT08.S3(NOx)_lag24_r3_std,2.335956335067749
PT08.S3(NOx)_lag3_r3_std,2.309178352355957
PT08.S1(CO)_lag2_r6_mean,2.223860025405884
C6H6(GT)_lag2_r3_mean,2.2009811401367188
PT08.S2(NMHC)_lag3,2.143303632736206
NMHC(GT)_lag24_r3_std,2.1151154041290283
NMHC(GT)_lag6_r3_std,2.070932388305664
NMHC(GT)_lag6,2.029808759689331
